City_ID,City,Country,Date,Lat,Lng,Max Temp,Humidity,Cloudiness,Wind Speed,Description
0,New Norfolk,AU,2022-02-12 14:43:17,-42.7826,147.0587,56.7,54,90,2.62,overcast clouds
1,Port Blair,IN,2022-02-12 14:43:17,11.6667,92.75,80.64,69,40,16.11,haze
2,Bluff,NZ,2022-02-12 14:43:18,-46.6,168.3333,51.8,65,81,15.1,broken clouds
3,Te Anau,NZ,2022-02-12 14:43:18,-45.4167,167.7167,44.65,83,76,3.2,broken clouds
4,Tuktoyaktuk,CA,2022-02-12 14:43:18,69.4541,-133.0374,-25.6,68,0,8.05,clear sky
5,Ushuaia,AR,2022-02-12 14:43:19,-54.8,-68.3,51.42,57,75,40.29,broken clouds
6,Vaini,TO,2022-02-12 14:43:19,-21.2,-175.2,78.96,94,20,5.75,few clouds
7,Pisco,PE,2022-02-12 14:43:19,-13.7,-76.2167,72.01,68,0,5.75,clear sky
8,Isangel,VU,2022-02-12 14:43:19,-19.55,169.2667,79.3,89,76,4.07,broken clouds
9,Mataura,NZ,2022-02-12 14:43:20,-46.1927,168.8643,51.48,90,100,3.27,overcast clouds
10,Noumea,NC,2022-02-12 14:40:27,-22.2763,166.4572,81.0,99,97,3.15,overcast clouds
11,Moyale,KE,2022-02-12 14:43:20,3.5167,39.0584,87.42,14,40,10.2,scattered clouds
12,Bambous Virieux,MU,2022-02-12 14:43:20,-20.3428,57.7575,82.65,74,20,6.91,few clouds
13,Spruce Grove,CA,2022-02-12 14:39:51,53.5334,-113.9187,28.13,66,100,2.3,overcast clouds
14,Qaanaaq,GL,2022-02-12 14:43:21,77.484,-69.3632,-21.21,48,0,8.55,clear sky
15,Vao,NC,2022-02-12 14:43:21,-22.6667,167.4833,80.15,82,100,5.12,overcast clouds
16,Cayenne,GF,2022-02-12 14:43:21,4.9333,-52.3333,80.64,90,75,10.36,mist
17,Coihaique,CL,2022-02-12 14:42:02,-45.5752,-72.0662,63.21,55,0,6.91,clear sky
18,Rikitea,PF,2022-02-12 14:43:22,-23.1203,-134.9692,78.93,70,63,13.98,light rain
19,Andros Town,BS,2022-02-12 14:43:22,24.7,-77.7667,76.96,73,2,10.54,light rain
20,Bathsheba,BB,2022-02-12 14:43:22,13.2167,-59.5167,79.41,69,75,23.02,broken clouds
21,Borogontsy,RU,2022-02-12 14:43:22,62.6683,131.1683,-25.49,99,100,0.4,overcast clouds
22,Wittlich,DE,2022-02-12 14:43:23,49.9833,6.8833,44.91,48,0,3.44,clear sky
23,Bengkulu,ID,2022-02-12 14:43:23,-3.8004,102.2655,77.61,85,100,5.08,overcast clouds
24,Avarua,CK,2022-02-12 14:43:23,-21.2078,-159.775,73.45,94,90,2.3,overcast clouds
25,Punta Arenas,CL,2022-02-12 14:43:24,-53.15,-70.9167,57.31,47,40,26.46,scattered clouds
26,Tuatapere,NZ,2022-02-12 14:43:24,-46.1333,167.6833,51.82,76,95,9.04,overcast clouds
27,Faya,SA,2022-02-12 14:43:24,18.3851,42.4509,66.31,71,29,6.93,scattered clouds
28,Lebu,CL,2022-02-12 14:43:25,-37.6167,-73.65,68.77,52,3,12.55,clear sky
29,Sitka,US,2022-02-12 14:43:25,57.0531,-135.33,42.69,87,100,11.5,moderate rain
30,Goundam,ML,2022-02-12 14:43:25,16.4145,-3.6708,84.74,8,2,8.46,clear sky
31,Albany,US,2022-02-12 14:42:15,42.6001,-73.9662,47.8,68,100,1.01,overcast clouds
32,Marawi,PH,2022-02-12 14:43:25,7.9986,124.2928,67.64,94,100,1.74,overcast clouds
33,Cape Town,ZA,2022-02-12 14:42:05,-33.9258,18.4232,77.88,65,0,14.97,clear sky
34,Olinda,BR,2022-02-12 14:43:26,-8.0089,-34.8553,87.53,62,40,10.36,scattered clouds
35,Loudeac,FR,2022-02-12 14:43:26,48.1783,-2.7543,47.48,60,100,11.81,overcast clouds
36,Carnarvon,AU,2022-02-12 14:43:26,-24.8667,113.6333,82.47,65,8,17.27,clear sky
37,Fallon,US,2022-02-12 14:43:27,39.4735,-118.7774,24.67,86,0,5.75,clear sky
38,Thompson,CA,2022-02-12 14:42:15,55.7435,-97.8558,-23.64,76,40,2.3,scattered clouds
39,Jamestown,US,2022-02-12 14:41:36,42.097,-79.2353,30.29,55,100,18.41,mist
40,Kaoma,ZM,2022-02-12 14:43:27,-14.7833,24.8,74.91,78,98,3.89,light rain
41,Faanui,PF,2022-02-12 14:43:27,-16.4833,-151.75,79.74,76,71,13.49,light rain
42,Bauchi,NG,2022-02-12 14:43:28,10.5,10.0,90.99,9,67,6.11,broken clouds
43,Vila Franca Do Campo,PT,2022-02-12 14:43:28,37.7167,-25.4333,61.21,66,96,11.21,overcast clouds
44,Harwich,GB,2022-02-12 14:43:28,51.9419,1.2844,49.53,65,100,14.0,overcast clouds
45,Kondinskoye,RU,2022-02-12 14:43:29,59.6481,67.41,7.0,89,100,10.71,overcast clouds
46,Pitimbu,BR,2022-02-12 14:39:40,-7.4706,-34.8086,88.39,65,63,9.71,broken clouds
47,Makakilo City,US,2022-02-12 14:43:30,21.3469,-158.0858,71.92,85,20,4.61,few clouds
48,Gaoual,GN,2022-02-12 14:44:30,11.75,-13.2,100.94,6,0,4.97,clear sky
49,Guerrero Negro,MX,2022-02-12 14:44:30,27.9769,-114.0611,60.75,65,99,4.52,overcast clouds
50,Batagay,RU,2022-02-12 14:44:31,67.6333,134.6333,-31.77,98,87,3.15,overcast clouds
51,Saurimo,AO,2022-02-12 14:44:31,-9.6608,20.3916,79.88,61,99,2.1,light rain
52,Two Rivers,US,2022-02-12 14:44:31,44.1539,-87.5693,8.02,68,0,19.57,clear sky
53,Platteville,US,2022-02-12 14:44:31,42.7342,-90.4785,9.25,78,0,10.36,clear sky
54,Kati,ML,2022-02-12 14:44:32,12.7441,-8.0726,90.81,7,0,7.18,clear sky
55,Berlevag,NO,2022-02-12 14:44:32,70.8578,29.0864,25.11,78,93,16.06,light snow
56,Port Hardy,CA,2022-02-12 14:44:32,50.6996,-127.4199,38.75,100,100,3.44,fog
57,Dikson,RU,2022-02-12 14:44:33,73.5069,80.5464,0.73,76,100,27.47,overcast clouds
58,Cardoso,BR,2022-02-12 14:44:33,-20.0819,-49.9142,81.52,69,52,5.68,broken clouds
59,Santa Isabel Do Rio Negro,BR,2022-02-12 14:44:33,-0.4139,-65.0192,86.25,63,100,4.83,overcast clouds
60,Busselton,AU,2022-02-12 14:44:33,-33.65,115.3333,60.08,67,0,15.1,clear sky
61,Bethel,US,2022-02-12 14:44:34,41.3712,-73.414,54.34,56,0,8.05,clear sky
62,Port Lavaca,US,2022-02-12 14:44:34,28.615,-96.6261,56.98,94,100,9.22,fog
63,Portland,US,2022-02-12 14:43:52,45.5234,-122.6762,46.81,69,0,8.05,clear sky
64,Chokurdakh,RU,2022-02-12 14:44:34,70.6333,147.9167,-2.18,96,100,13.6,overcast clouds
65,Chuy,UY,2022-02-12 14:44:35,-33.6971,-53.4616,75.52,76,100,4.34,moderate rain
66,Cabo San Lucas,MX,2022-02-12 14:41:12,22.8909,-109.9124,65.52,49,43,9.57,scattered clouds
67,Hobart,AU,2022-02-12 14:43:40,-42.8794,147.3294,57.06,70,90,8.05,overcast clouds
68,Kapaa,US,2022-02-12 14:44:35,22.0752,-159.319,67.98,97,75,4.61,broken clouds
69,Hithadhoo,MV,2022-02-12 14:44:36,-0.6,73.0833,81.93,66,76,8.75,broken clouds
70,Bodden Town,KY,2022-02-12 14:44:36,19.2833,-81.25,82.0,79,75,7.0,broken clouds
71,Tsumeb,NA,2022-02-12 14:44:36,-19.2333,17.7167,74.59,63,99,7.49,light rain
72,Alexandria,EG,2022-02-12 14:44:36,31.2156,29.9553,64.36,59,40,10.36,scattered clouds
73,Kahului,US,2022-02-12 14:44:37,20.8947,-156.47,71.83,84,0,4.0,clear sky
74,Magadi,IN,2022-02-12 14:44:37,12.9667,77.2333,75.36,45,65,9.01,broken clouds
75,Victoria,HK,2022-02-12 14:44:37,22.2855,114.1577,66.96,84,76,5.01,broken clouds
76,Shetpe,KZ,2022-02-12 14:44:38,44.1667,52.1167,41.67,70,98,9.66,overcast clouds
77,East London,ZA,2022-02-12 14:44:38,-33.0153,27.9116,81.54,83,75,16.11,broken clouds
78,Kavieng,PG,2022-02-12 14:44:38,-2.5744,150.7967,80.78,77,100,3.06,light rain
79,Mar Del Plata,AR,2022-02-12 14:44:39,-38.0023,-57.5575,64.42,62,20,20.71,few clouds
80,Burnie,AU,2022-02-12 14:44:39,-41.0667,145.9167,60.49,74,65,13.82,broken clouds
81,Santa Maria Del Oro,MX,2022-02-12 14:44:39,25.9333,-105.3667,50.29,24,0,4.54,clear sky
82,Saint-Pierre,RE,2022-02-12 14:44:39,-21.3393,55.4781,82.04,78,75,11.5,broken clouds
83,Carlisle,US,2022-02-12 14:44:40,40.2015,-77.1889,51.22,57,100,5.01,overcast clouds
84,Vitim,RU,2022-02-12 14:44:40,59.4511,112.5578,-22.92,100,23,1.12,few clouds
85,Butaritari,KI,2022-02-12 14:44:40,3.0707,172.7902,81.72,79,43,16.35,light rain
86,Viseu,PT,2022-02-12 14:44:41,40.661,-7.9097,57.88,68,100,4.74,overcast clouds
87,Malanje,AO,2022-02-12 14:44:41,-9.5402,16.341,79.5,55,50,3.8,scattered clouds
88,Lompoc,US,2022-02-12 14:41:05,34.6391,-120.4579,64.56,61,0,11.5,clear sky
89,Alice Springs,AU,2022-02-12 14:42:59,-23.7,133.8833,65.75,63,0,0.0,clear sky
90,Kyra,RU,2022-02-12 14:44:41,49.5776,111.9753,-12.35,99,100,3.67,overcast clouds
91,Gravdal,NO,2022-02-12 14:45:42,68.1214,13.5031,28.29,86,40,5.75,scattered clouds
92,Bilibino,RU,2022-02-12 14:45:42,68.0546,166.4372,-37.43,100,91,1.45,overcast clouds
93,Vangaindrano,MG,2022-02-12 14:45:43,-23.35,47.6,77.49,78,11,7.18,few clouds
94,Ucluelet,CA,2022-02-12 14:45:43,48.9329,-125.5528,32.95,61,4,4.03,clear sky
95,Porosozero,RU,2022-02-12 14:45:44,62.7191,32.727,21.51,95,100,6.87,snow
96,Flin Flon,CA,2022-02-12 14:45:45,54.7682,-101.865,-18.56,69,0,4.61,clear sky
97,Codajas,BR,2022-02-12 14:45:46,-3.8367,-62.0569,88.0,58,95,3.49,overcast clouds
98,Kaitangata,NZ,2022-02-12 14:45:46,-46.2817,169.8464,50.94,73,100,8.7,overcast clouds
99,Kununurra,AU,2022-02-12 14:45:47,-15.7667,128.7333,80.58,89,22,2.3,few clouds
100,Atuona,PF,2022-02-12 14:45:47,-9.8,-139.0333,76.89,79,10,12.88,light rain
101,Torbay,CA,2022-02-12 14:45:48,47.6666,-52.7314,39.58,70,75,11.5,broken clouds
102,Dhidhdhoo,MV,2022-02-12 14:45:48,6.8833,73.1,81.75,73,99,9.1,overcast clouds
103,Pimenta Bueno,BR,2022-02-12 14:45:49,-11.6725,-61.1936,83.43,72,100,4.0,overcast clouds
104,Barrow,US,2022-02-12 14:45:50,71.2906,-156.7887,-32.78,100,0,9.22,clear sky
105,Castro,BR,2022-02-12 14:45:51,-24.7911,-50.0119,76.06,49,0,4.47,clear sky
106,Hilo,US,2022-02-12 14:41:35,19.7297,-155.09,69.53,80,100,3.44,overcast clouds
107,Saskylakh,RU,2022-02-12 14:45:51,71.9167,114.0833,1.09,77,38,13.94,scattered clouds
108,Nabire,ID,2022-02-12 14:45:52,-3.3667,135.4833,76.06,91,98,2.08,overcast clouds
109,Leningradskiy,RU,2022-02-12 14:45:52,69.3833,178.4167,-21.82,98,97,3.91,overcast clouds
110,Majene,ID,2022-02-12 14:45:53,-3.5403,118.9707,76.06,92,100,6.93,light rain
111,Stillwater,US,2022-02-12 14:45:53,36.1156,-97.0584,27.61,48,0,11.5,clear sky
112,Dunedin,NZ,2022-02-12 14:45:54,-45.8742,170.5036,50.81,69,100,10.0,overcast clouds
113,Georgetown,MY,2022-02-12 14:45:32,5.4112,100.3354,83.89,83,20,3.44,few clouds
114,Umkomaas,ZA,2022-02-12 14:45:55,-30.2067,30.7978,86.59,73,16,14.74,few clouds
115,Anadyr,RU,2022-02-12 14:45:55,64.75,177.4833,-28.7,68,0,11.18,clear sky
116,Quang Ngai,VN,2022-02-12 14:45:56,15.1167,108.8,71.69,92,100,0.87,overcast clouds
117,Ilulissat,GL,2022-02-12 14:45:56,69.2167,-51.1,32.02,51,75,13.8,broken clouds
118,Ostrovnoy,RU,2022-02-12 14:45:57,68.0531,39.5131,16.23,94,88,11.32,overcast clouds
119,Port Moresby,PG,2022-02-12 14:45:57,-9.4431,147.1797,75.4,83,91,2.26,overcast clouds
120,Puerto Ayora,EC,2022-02-12 14:45:58,-0.7393,-90.3518,76.96,92,100,6.89,overcast clouds
121,San Felipe,VE,2022-02-12 14:45:59,10.3399,-68.7425,79.79,68,85,6.46,overcast clouds
122,Fairbanks,US,2022-02-12 14:45:23,64.8378,-147.7164,-3.91,81,100,0.0,overcast clouds
123,Shahreza,IR,2022-02-12 14:46:00,32.0339,51.8794,37.96,91,100,7.27,overcast clouds
124,Chapais,CA,2022-02-12 14:46:00,49.7834,-74.8492,-9.62,87,100,11.95,overcast clouds
125,Tobol,KZ,2022-02-12 14:46:01,52.6844,62.5794,20.3,96,100,5.97,light snow
126,San Fernando,PH,2022-02-12 14:46:01,15.0286,120.6898,82.15,76,92,4.0,overcast clouds
127,Geraldton,AU,2022-02-12 14:46:02,-28.7667,114.6,73.81,78,6,19.57,clear sky
128,Nanortalik,GL,2022-02-12 14:46:02,60.1432,-45.2371,31.06,90,100,11.23,light snow
129,Fort Nelson,CA,2022-02-12 14:45:45,58.8053,-122.7002,8.19,85,100,2.3,light snow
130,Gamba,GA,2022-02-12 14:46:03,-2.65,10.0,83.28,72,33,11.32,scattered clouds
131,Kandrian,PG,2022-02-12 14:46:04,-6.2167,149.55,76.19,89,100,5.64,light rain
132,Miri,MY,2022-02-12 14:45:25,4.4148,114.0089,77.14,100,40,3.44,light rain
133,Mitsamiouli,KM,2022-02-12 14:46:05,-11.3847,43.2844,80.15,79,100,10.78,light rain
134,Touros,BR,2022-02-12 14:46:05,-5.1989,-35.4608,85.1,62,36,10.38,scattered clouds
135,Hermanus,ZA,2022-02-12 14:46:06,-34.4187,19.2345,76.89,79,94,10.13,overcast clouds
136,Vieques,PR,2022-02-12 14:46:06,18.425,-65.8329,81.66,61,75,13.8,broken clouds
137,Ullapool,GB,2022-02-12 14:46:07,57.8987,-5.1604,48.76,87,100,20.56,overcast clouds
138,Mahebourg,MU,2022-02-12 14:47:08,-20.4081,57.7,82.69,74,20,6.91,few clouds
139,Sibolga,ID,2022-02-12 14:47:08,1.7427,98.7792,77.29,81,66,2.68,moderate rain
140,San Policarpo,PH,2022-02-12 14:47:09,12.1791,125.5072,78.49,86,100,13.0,overcast clouds
141,Sept-Iles,CA,2022-02-12 14:47:09,50.2001,-66.3821,31.05,96,75,8.05,broken clouds
142,Port Alfred,ZA,2022-02-12 14:47:10,-33.5906,26.891,80.51,78,9,18.75,clear sky
143,Greytown,ZA,2022-02-12 14:47:10,-29.0642,30.5928,82.02,51,9,8.01,clear sky
144,Namatanai,PG,2022-02-12 14:47:11,-3.6667,152.4333,78.08,83,100,5.59,moderate rain
145,Ribeira Grande,PT,2022-02-12 14:47:12,38.5167,-28.7,63.0,77,20,19.57,few clouds
146,Yuryevets,RU,2022-02-12 14:47:13,57.3201,43.1041,24.04,87,100,10.38,light snow
147,Celestun,MX,2022-02-12 14:47:13,20.8667,-90.4,74.71,78,93,10.58,overcast clouds
148,Tateyama,JP,2022-02-12 14:47:14,34.9833,139.8667,42.82,55,100,2.62,overcast clouds
149,Russell,US,2022-02-12 14:47:15,32.3502,-85.1999,53.31,93,0,0.0,clear sky
150,Abbeyfeale,IE,2022-02-12 14:47:16,52.3814,-9.3025,53.31,83,74,13.71,broken clouds
151,Vardo,NO,2022-02-12 14:47:17,70.3705,31.1107,16.0,72,37,14.54,scattered clouds
152,Yar-Sale,RU,2022-02-12 14:47:18,66.8333,70.8333,-6.5,88,100,14.56,overcast clouds
153,Houlton,US,2022-02-12 14:47:18,46.1262,-67.8403,39.49,83,100,3.44,overcast clouds
154,Rabo De Peixe,PT,2022-02-12 14:47:19,37.8,-25.5833,60.31,67,75,13.8,broken clouds
155,Saint-Georges,GD,2022-02-12 14:47:19,12.0564,-61.7485,82.08,65,75,18.41,broken clouds
156,Rincon,US,2022-02-12 14:47:21,32.296,-81.2354,60.13,76,75,0.0,broken clouds
157,Zaqatala,AZ,2022-02-12 14:47:21,41.6336,46.6433,48.67,50,0,4.61,clear sky
158,Agadez,NE,2022-02-12 14:47:22,19.75,10.25,74.86,12,0,7.16,clear sky
159,Port Elizabeth,ZA,2022-02-12 14:47:22,-33.918,25.5701,79.09,78,0,18.41,clear sky
160,Suez,EG,2022-02-12 14:47:22,29.9737,32.5263,66.61,31,0,9.84,clear sky
161,Gat,IL,2022-02-12 14:47:23,31.61,34.7642,63.28,28,0,9.13,clear sky
162,Arraial Do Cabo,BR,2022-02-12 14:47:23,-22.9661,-42.0278,82.36,83,40,11.5,scattered clouds
163,Kodiak,US,2022-02-12 14:47:24,57.79,-152.4072,38.71,65,0,6.91,clear sky
164,Tiznit,MA,2022-02-12 14:47:25,29.5833,-9.5,68.94,28,0,12.73,clear sky
165,Tonj,SS,2022-02-12 14:47:25,7.2737,28.6822,96.8,12,6,7.96,clear sky
166,Bilma,NE,2022-02-12 14:47:26,18.6853,12.9164,78.89,10,0,7.72,clear sky
167,Morondava,MG,2022-02-12 14:47:26,-20.2833,44.2833,83.73,80,49,9.08,light rain
168,Longyearbyen,SJ,2022-02-12 14:47:27,78.2186,15.6401,12.04,79,0,11.5,clear sky
169,Yellowknife,CA,2022-02-12 14:47:27,62.456,-114.3525,-28.44,88,0,5.75,clear sky
170,Nikolskoye,RU,2022-02-12 14:47:28,59.7035,30.7861,33.87,87,100,11.9,snow
171,Dingle,PH,2022-02-12 14:47:28,10.9995,122.6711,75.16,91,95,8.86,overcast clouds
172,Tres Arroyos,AR,2022-02-12 14:47:29,-38.3739,-60.2798,67.35,36,0,6.96,clear sky
173,Margate,GB,2022-02-12 14:47:29,51.3813,1.3862,48.18,59,99,10.0,overcast clouds
174,Capao Da Canoa,BR,2022-02-12 14:47:30,-29.7456,-50.0097,77.34,73,0,15.59,clear sky
175,Batagay-Alyta,RU,2022-02-12 14:47:31,67.8006,130.4114,-19.88,88,91,5.41,overcast clouds
176,Imeni Poliny Osipenko,RU,2022-02-12 14:47:31,52.4201,136.4853,12.18,94,100,15.14,light snow
177,Winfield,US,2022-02-12 14:47:18,37.2398,-96.9956,22.62,62,0,10.36,clear sky
178,Walvis Bay,NA,2022-02-12 14:47:32,-22.9575,14.5053,75.13,73,17,10.36,few clouds
179,Codrington,AU,2022-02-12 14:47:33,-38.2667,141.9667,64.56,67,5,11.83,clear sky
180,Altoona,US,2022-02-12 14:47:33,40.5187,-78.3947,42.84,82,91,4.0,overcast clouds
181,Kamaishi,JP,2022-02-12 14:48:34,39.2667,141.8833,34.72,89,83,5.91,broken clouds
182,Kindu,CD,2022-02-12 14:48:34,-2.95,25.95,87.49,54,99,2.51,overcast clouds
183,Alofi,NU,2022-02-12 14:48:34,-19.0595,-169.9187,76.89,88,14,3.44,few clouds
184,Souillac,MU,2022-02-12 14:48:35,-20.5167,57.5167,82.78,74,20,6.91,few clouds
185,Inta,RU,2022-02-12 14:48:35,66.0317,60.1659,8.56,89,100,11.18,light snow
186,Zajecar,RS,2022-02-12 14:48:35,43.9036,22.2641,49.05,51,100,8.25,overcast clouds
187,Okakarara,NA,2022-02-12 14:48:36,-20.5833,17.4333,79.86,47,97,6.62,overcast clouds
188,Clyde River,CA,2022-02-12 14:48:36,70.4692,-68.5914,-18.17,76,100,27.63,overcast clouds
189,Khasan,RU,2022-02-12 14:48:36,42.4308,130.6434,23.22,47,90,13.04,overcast clouds
190,Lock Haven,US,2022-02-12 14:48:36,41.137,-77.4469,45.7,72,90,11.83,overcast clouds
191,Roma,US,2022-02-12 14:44:35,43.2128,-75.4557,43.68,65,100,5.75,overcast clouds
192,Saint-Joseph,RE,2022-02-12 14:48:37,-21.3667,55.6167,80.96,76,32,2.17,scattered clouds
193,Cherskiy,RU,2022-02-12 14:48:37,68.75,161.3,-24.21,98,100,8.68,overcast clouds
194,Sorkjosen,NO,2022-02-12 14:48:37,69.8,20.9333,18.32,80,66,10.74,broken clouds
195,Narsaq,GL,2022-02-12 14:48:38,60.9167,-46.05,32.22,97,100,4.97,snow
196,Half Moon Bay,US,2022-02-12 14:48:38,37.4636,-122.4286,62.24,70,0,0.0,clear sky
197,Umm Kaddadah,SD,2022-02-12 14:48:38,13.6017,26.6876,80.55,8,9,14.83,clear sky
198,Hervey Bay,AU,2022-02-12 14:48:38,-25.2986,152.8535,71.71,65,86,22.7,overcast clouds
199,Ayr,GB,2022-02-12 14:48:39,55.4627,-4.6339,51.21,81,40,19.57,scattered clouds
200,Alyangula,AU,2022-02-12 14:48:39,-13.8483,136.4192,76.87,100,63,0.0,broken clouds
201,Pevek,RU,2022-02-12 14:48:39,69.7008,170.3133,-26.3,98,100,8.34,overcast clouds
202,Tiksi,RU,2022-02-12 14:48:40,71.6872,128.8694,-9.26,92,95,17.6,overcast clouds
203,Sampit,ID,2022-02-12 14:48:40,-2.5333,112.95,73.8,90,100,0.98,light rain
204,Atar,MR,2022-02-12 14:48:40,20.5169,-13.0499,83.91,13,25,16.71,scattered clouds
205,Artemovsk,UA,2022-02-12 14:48:41,49.8406,36.0417,34.14,80,82,10.42,broken clouds
206,Muros,ES,2022-02-12 14:48:41,42.7762,-9.0603,57.09,79,35,5.77,scattered clouds
207,Brejo,BR,2022-02-12 14:48:41,-3.6844,-42.7503,89.67,50,63,6.78,broken clouds
208,Northam,GB,2022-02-12 14:48:42,51.0333,-4.2167,47.91,89,100,23.24,overcast clouds
209,Port Hedland,AU,2022-02-12 14:48:42,-20.3167,118.5667,86.05,84,62,2.3,broken clouds
210,Sri Aman,MY,2022-02-12 14:48:42,1.2376,111.4621,75.25,94,100,0.0,overcast clouds
211,Soyo,AO,2022-02-12 14:48:42,-6.1349,12.3689,87.85,67,75,11.65,broken clouds
212,Morant Bay,JM,2022-02-12 14:48:43,17.8815,-76.4093,80.22,76,35,15.17,scattered clouds
213,Grand Gaube,MU,2022-02-12 14:48:43,-20.0064,57.6608,82.8,69,75,1.99,broken clouds
214,Bac Lieu,VN,2022-02-12 14:48:43,9.285,105.7244,78.69,83,100,12.41,overcast clouds
215,Bredasdorp,ZA,2022-02-12 14:48:44,-34.5322,20.0403,76.32,61,29,11.5,scattered clouds
216,Luderitz,NA,2022-02-12 14:48:44,-26.6481,15.1594,73.47,68,52,4.52,broken clouds
217,Aksu,CN,2022-02-12 14:48:44,41.1231,80.2644,31.53,45,64,5.03,broken clouds
218,Ahome,MX,2022-02-12 14:48:45,25.9167,-109.1833,51.75,49,10,3.76,clear sky
219,Zemio,CF,2022-02-12 14:48:45,5.0314,25.1361,98.42,13,99,2.98,overcast clouds
220,Ambovombe,MG,2022-02-12 14:48:45,-25.1667,46.0833,77.23,80,0,20.31,clear sky
221,Sangar,RU,2022-02-12 14:48:45,63.9242,127.4739,-22.5,99,100,2.24,overcast clouds
222,Esperance,AU,2022-02-12 14:48:46,-33.8667,121.9,66.04,73,99,14.99,overcast clouds
223,Chester,US,2022-02-12 14:47:15,40.1254,-75.8749,54.21,63,0,13.8,clear sky
224,Shaunavon,CA,2022-02-12 14:48:46,49.6501,-108.4181,20.98,75,99,11.81,overcast clouds
225,Susuman,RU,2022-02-12 14:48:46,62.7833,148.1667,-37.73,99,83,0.43,broken clouds
226,Saint-Philippe,RE,2022-02-12 14:48:47,-21.3585,55.7679,81.95,77,18,6.87,few clouds
227,Klaksvik,FO,2022-02-12 14:49:47,62.2266,-6.589,41.92,87,100,13.47,overcast clouds
228,Vostok,RU,2022-02-12 14:49:48,46.4856,135.8833,5.74,98,100,2.33,light snow
229,Cabra,ES,2022-02-12 14:49:48,37.4725,-4.4421,66.13,50,56,3.0,broken clouds
230,Chitral,PK,2022-02-12 14:49:48,35.8462,71.7858,36.41,67,63,4.09,broken clouds
231,Conyers,US,2022-02-12 14:49:48,33.6676,-84.0177,58.73,74,0,0.0,clear sky
232,Itarema,BR,2022-02-12 14:49:49,-2.9248,-39.9167,84.34,64,100,11.25,overcast clouds
233,Haines Junction,CA,2022-02-12 14:49:49,60.7522,-137.5108,35.55,60,97,4.61,overcast clouds
234,Vestmannaeyjar,IS,2022-02-12 14:49:49,63.4427,-20.2734,32.99,93,75,8.05,broken clouds
235,Khandyga,RU,2022-02-12 14:49:50,62.6667,135.6,-41.19,100,86,1.72,overcast clouds
236,Aripuana,BR,2022-02-12 14:49:50,-9.1667,-60.6333,76.8,84,100,0.43,overcast clouds
237,Lithakia,GR,2022-02-12 14:49:50,37.7167,20.8333,56.57,69,100,1.97,overcast clouds
238,Waitati,NZ,2022-02-12 14:49:50,-45.75,170.5667,50.81,70,100,8.01,overcast clouds
239,San Rafael Del Sur,NI,2022-02-12 14:49:51,11.8485,-86.4384,77.97,57,7,13.85,clear sky
240,Kenai,US,2022-02-12 14:49:51,60.5544,-151.2583,27.14,97,100,0.0,light snow
241,Ankazoabo,MG,2022-02-12 14:49:51,-22.2833,44.5167,86.47,52,81,4.74,broken clouds
242,Luanda,AO,2022-02-12 14:48:42,-8.8368,13.2343,82.4,69,20,11.5,few clouds
243,Avera,US,2022-02-12 14:49:52,33.194,-82.5271,54.91,58,100,5.28,overcast clouds
244,Channel-Port Aux Basques,CA,2022-02-12 14:45:46,47.5702,-59.1367,38.08,96,100,17.74,overcast clouds
245,Cabedelo,BR,2022-02-12 14:49:52,-6.9811,-34.8339,88.47,67,53,9.84,broken clouds
246,Fortuna,US,2022-02-12 14:49:52,40.5982,-124.1573,49.12,76,0,9.22,clear sky
247,Nawa,IN,2022-02-12 14:49:53,27.0167,75.0,63.84,23,0,4.32,clear sky
248,Antalaha,MG,2022-02-12 14:49:53,-14.9003,50.2788,77.16,86,8,10.6,moderate rain
249,Changde,CN,2022-02-12 14:49:53,29.0464,111.6783,40.93,93,100,2.8,overcast clouds
250,Belaya Gora,RU,2022-02-12 14:49:54,68.5333,146.4167,-24.63,92,100,5.61,overcast clouds
251,Yueyang,CN,2022-02-12 14:49:54,29.3333,113.0919,40.95,90,87,3.69,overcast clouds
252,Carutapera,BR,2022-02-12 14:49:54,-1.195,-46.02,79.93,86,100,6.13,overcast clouds
253,Tasiilaq,GL,2022-02-12 14:49:54,65.6145,-37.6368,17.76,64,100,3.29,overcast clouds
254,Charters Towers,AU,2022-02-12 14:49:55,-20.1,146.2667,74.34,76,3,11.61,clear sky
255,Cidreira,BR,2022-02-12 14:49:55,-30.1811,-50.2056,78.98,69,0,15.32,clear sky
256,Udachnyy,RU,2022-02-12 14:49:55,66.4167,112.4,-2.56,76,93,3.2,overcast clouds
257,Matadi,CD,2022-02-12 14:49:56,-5.8167,13.45,94.12,41,82,2.64,broken clouds
258,Krasnoselkup,RU,2022-02-12 14:49:56,65.7,82.4667,-5.58,90,5,13.29,clear sky
259,Baykit,RU,2022-02-12 14:49:56,61.67,96.37,-12.64,100,23,2.59,few clouds
260,Hermosillo,MX,2022-02-12 14:45:02,29.0667,-110.9667,61.38,31,0,4.0,clear sky
261,Igrim,RU,2022-02-12 14:49:57,63.1906,64.4162,5.22,95,100,8.79,light snow
262,Aklavik,CA,2022-02-12 14:49:57,68.2191,-135.0107,-19.37,74,0,0.0,clear sky
263,Seymchan,RU,2022-02-12 14:49:57,62.8833,152.4333,-42.65,100,66,0.65,broken clouds
264,Yerofey Pavlovich,RU,2022-02-12 14:49:58,53.9667,121.9667,-17.54,94,51,3.65,broken clouds
265,Gizo,SB,2022-02-12 14:49:58,-8.103,156.8419,79.14,77,100,4.88,overcast clouds
266,Severo-Kurilsk,RU,2022-02-12 14:49:58,50.6789,156.125,19.4,79,86,4.56,overcast clouds
267,Lalmohan,BD,2022-02-12 14:49:58,22.3384,90.7419,67.28,49,40,11.74,scattered clouds
268,Tutoia,BR,2022-02-12 14:49:59,-2.7619,-42.2744,87.78,67,94,11.95,overcast clouds
269,Yomou,GN,2022-02-12 14:49:59,7.5603,-9.2653,98.76,8,31,3.47,scattered clouds
270,Kruisfontein,ZA,2022-02-12 14:49:58,-34.0033,24.7314,80.17,65,39,16.53,scattered clouds
271,Marihatag,PH,2022-02-12 14:49:59,8.7936,126.2969,77.94,86,100,5.37,overcast clouds
272,San Quintin,MX,2022-02-12 14:50:00,30.4833,-115.95,60.89,51,3,1.05,clear sky
273,Zhezkazgan,KZ,2022-02-12 14:51:00,47.8043,67.7144,24.78,86,100,13.42,overcast clouds
274,Arkhangelsk,RU,2022-02-12 14:51:00,64.5401,40.5433,21.31,85,75,6.71,broken clouds
275,Praia Da Vitoria,PT,2022-02-12 14:51:01,38.7333,-27.0667,65.75,67,20,11.21,few clouds
276,Worthing,GB,2022-02-12 14:51:01,50.8145,-0.3713,48.92,69,20,18.41,few clouds
277,Cajamarca,PE,2022-02-12 14:51:01,-7.1638,-78.5003,60.87,77,75,2.3,fog
278,Brae,GB,2022-02-12 14:51:02,60.3964,-1.353,45.77,86,100,25.5,overcast clouds
279,Niteroi,BR,2022-02-12 14:46:58,-22.8833,-43.1036,81.59,79,75,8.05,broken clouds
280,Trelew,AR,2022-02-12 14:51:02,-43.249,-65.3051,79.99,12,86,5.48,overcast clouds
281,Shingu,JP,2022-02-12 14:51:02,33.7333,135.9833,40.91,68,0,5.7,clear sky
282,Riihimaki,FI,2022-02-12 14:51:03,60.7377,24.7773,33.28,86,82,10.83,broken clouds
283,Honiara,SB,2022-02-12 14:51:03,-9.4333,159.95,76.26,90,100,1.59,overcast clouds
284,Iqaluit,CA,2022-02-12 14:51:03,63.7506,-68.5145,-25.87,68,20,4.61,few clouds
285,Mosquera,CO,2022-02-12 14:51:03,4.7059,-74.2302,64.49,59,40,5.75,scattered clouds
286,Bubaque,GW,2022-02-12 14:51:04,11.2833,-15.8333,82.44,48,0,3.6,clear sky
287,Norman Wells,CA,2022-02-12 14:51:04,65.282,-126.8329,-16.56,76,40,5.75,scattered clouds
288,Hasaki,JP,2022-02-12 14:51:04,35.7333,140.8333,30.6,58,18,7.31,few clouds
289,Komsomolskiy,UZ,2022-02-12 14:51:05,40.4272,71.7189,40.42,87,100,2.3,mist
290,Vatava,RO,2022-02-12 14:51:05,46.9667,24.7667,38.62,84,99,2.28,overcast clouds
291,Lakselv,NO,2022-02-12 14:51:05,70.0513,24.9718,8.42,78,20,6.91,few clouds
292,La Ronge,CA,2022-02-12 14:51:06,55.1001,-105.2842,-18.15,76,20,2.3,few clouds
293,Kijang,KR,2022-02-12 14:51:06,35.2442,129.2139,44.33,61,73,12.5,broken clouds
294,Mount Isa,AU,2022-02-12 14:51:06,-20.7333,139.5,76.77,73,100,0.0,overcast clouds
295,San Juan De Abajo,MX,2022-02-12 14:51:07,20.8167,-105.1833,71.58,45,0,3.98,clear sky
296,Ponta Do Sol,PT,2022-02-12 14:51:07,32.6667,-17.1,70.72,67,7,3.04,clear sky
297,Camalu,MX,2022-02-12 14:51:07,30.85,-116.0667,61.84,39,3,0.83,clear sky
298,Guasdualito,VE,2022-02-12 14:51:07,7.2424,-70.7324,84.16,57,20,6.91,few clouds
299,Qaqortoq,GL,2022-02-12 14:51:08,60.7167,-46.0333,29.16,97,100,3.09,snow
300,Talanga,HN,2022-02-12 14:51:08,14.4,-87.0833,73.94,65,90,4.56,overcast clouds
301,Visby,SE,2022-02-12 14:51:08,57.6409,18.296,36.05,75,0,20.71,clear sky
302,Gra Liyia,GR,2022-02-12 14:51:09,35.0167,25.6833,60.98,56,54,1.99,broken clouds
303,Urumqi,CN,2022-02-12 14:51:09,43.801,87.6005,11.35,85,75,2.24,mist
304,Jumla,NP,2022-02-12 14:51:09,29.2747,82.1838,30.2,83,5,6.35,clear sky
305,Mayo,US,2022-02-12 14:51:10,38.8876,-76.5119,58.66,48,0,6.91,clear sky
306,Guaymas,MX,2022-02-12 14:51:10,27.9333,-110.9,45.77,71,0,0.0,clear sky
307,Lukovo,MK,2022-02-12 14:51:10,41.3494,20.6047,49.59,83,100,5.23,overcast clouds
308,Lata,PT,2022-02-12 14:51:10,40.1629,-8.3327,61.07,65,100,5.19,overcast clouds
309,Guangyuan,CN,2022-02-12 14:51:11,32.442,105.823,43.3,84,98,3.24,overcast clouds
310,Auki,SB,2022-02-12 14:51:11,-8.7676,160.7034,75.0,92,100,3.09,overcast clouds
311,Wanning,CN,2022-02-12 14:51:11,18.8003,110.3967,65.59,81,83,7.72,broken clouds
312,Bakchar,RU,2022-02-12 14:51:12,57.0186,82.0711,-4.68,100,38,5.12,scattered clouds
313,Broome,US,2022-02-12 14:47:57,42.2506,-75.833,44.78,67,40,11.5,scattered clouds
314,Wuwei,CN,2022-02-12 14:51:12,37.9281,102.6414,26.49,50,96,5.82,overcast clouds
315,Senador Guiomard,BR,2022-02-12 14:51:12,-10.1522,-67.7392,78.55,71,100,4.56,overcast clouds
316,Togur,RU,2022-02-12 14:51:13,58.3631,82.8265,-2.81,98,10,7.14,clear sky
317,Akureyri,IS,2022-02-12 14:51:13,65.6835,-18.0878,21.13,68,100,2.3,overcast clouds
318,Beringovskiy,RU,2022-02-12 14:51:13,63.05,179.3167,-25.98,95,16,7.72,few clouds
319,Constitucion,CL,2022-02-12 14:51:13,-35.3333,-72.4167,72.39,45,0,6.35,clear sky
320,Husavik,IS,2022-02-12 14:51:14,66.0449,-17.3389,21.11,82,59,5.64,broken clouds
321,Les Cayes,HT,2022-02-12 14:52:14,18.2,-73.75,82.02,60,22,7.85,few clouds
322,Hirara,JP,2022-02-12 14:52:14,24.8,125.2833,69.96,85,100,14.92,overcast clouds
323,Ambon,ID,2022-02-12 14:52:15,-3.6954,128.1814,77.14,94,40,3.44,moderate rain
324,Jizan,SA,2022-02-12 14:52:15,17.3333,42.6667,85.14,61,92,6.96,overcast clouds
325,Santa Rosa,PH,2022-02-12 14:52:15,14.3122,121.1114,81.1,76,100,12.17,overcast clouds
326,Namie,JP,2022-02-12 14:52:15,37.4833,141.0,37.54,83,17,6.93,few clouds
327,Algiers,DZ,2022-02-12 14:52:16,36.7525,3.042,58.82,59,40,10.36,scattered clouds
328,College,US,2022-02-12 14:50:52,64.8569,-147.8028,-5.03,82,75,0.0,broken clouds
329,Caiaponia,BR,2022-02-12 14:52:16,-16.9567,-51.8103,81.41,68,14,2.59,few clouds
330,Sar-E Pul,AF,2022-02-12 14:52:16,35.8333,66.1667,34.36,92,100,1.9,overcast clouds
331,Olafsvik,IS,2022-02-12 14:52:17,64.8945,-23.7142,28.58,69,48,26.51,scattered clouds
332,Jimma,ET,2022-02-12 14:52:17,7.6667,36.8333,74.66,41,95,4.05,overcast clouds
333,Nome,US,2022-02-12 14:50:26,64.5011,-165.4064,1.47,55,100,10.36,overcast clouds
334,Matagami,CA,2022-02-12 14:47:35,49.7502,-77.6328,-18.29,69,0,12.66,haze
335,Kismayo,SO,2022-02-12 14:52:17,-0.3582,42.5454,79.12,74,94,17.45,overcast clouds
336,Bata,GQ,2022-02-12 14:52:18,1.8639,9.7658,89.46,74,20,11.5,few clouds
337,Saldanha,ZA,2022-02-12 14:52:18,-33.0117,17.9442,75.25,89,100,12.71,overcast clouds
338,Kingseat,GB,2022-02-12 14:52:18,56.0974,-3.4084,49.48,81,20,24.16,few clouds
339,Thinadhoo,MV,2022-02-12 14:52:19,0.5333,72.9333,82.04,68,100,8.34,overcast clouds
340,Zhigansk,RU,2022-02-12 14:52:19,66.7697,123.3711,-33.86,100,63,4.41,broken clouds
341,Upernavik,GL,2022-02-12 14:52:19,72.7868,-56.1549,-4.68,98,100,13.62,light snow
342,Parkes,AU,2022-02-12 14:52:20,-33.1333,148.1833,66.34,67,0,12.62,clear sky
343,Osypenko,UA,2022-02-12 14:52:20,46.9136,36.8253,40.84,79,100,16.24,overcast clouds
344,Sorong,ID,2022-02-12 14:48:43,-0.8833,131.25,78.21,87,100,4.47,overcast clouds
345,Nurota,UZ,2022-02-12 14:52:20,40.5614,65.6886,33.89,68,3,6.89,clear sky
346,Chilliwack,CA,2022-02-12 14:48:49,49.1747,-121.9443,41.94,82,2,6.13,clear sky
347,Jasper,US,2022-02-12 14:52:21,37.2001,-94.3502,22.35,61,20,16.11,few clouds
348,Emerald,AU,2022-02-12 14:52:21,-23.5333,148.1667,77.14,61,19,9.22,few clouds
349,Derzhavinsk,KZ,2022-02-12 14:52:21,51.1,66.3167,19.45,94,100,13.27,overcast clouds
350,Mount Gambier,AU,2022-02-12 14:52:21,-37.8333,140.7667,60.71,82,67,0.0,broken clouds
351,Zilair,RU,2022-02-12 14:52:22,52.2332,57.4392,24.87,95,100,6.93,light snow
352,Cururupu,BR,2022-02-12 14:52:22,-1.8283,-44.8683,79.09,88,100,4.68,overcast clouds
353,Lagos,NG,2022-02-12 14:52:22,6.5833,3.75,93.52,50,100,11.81,overcast clouds
354,Tariba,VE,2022-02-12 14:52:23,7.8188,-72.2243,73.96,44,93,6.71,overcast clouds
355,Kasongo-Lunda,CD,2022-02-12 14:52:23,-6.4667,16.8167,86.88,56,60,3.71,broken clouds
356,Nizhniy Tsasuchey,RU,2022-02-12 14:52:23,50.5167,115.1333,-16.82,98,24,3.56,few clouds
357,Varkaus,FI,2022-02-12 14:52:23,62.3153,27.873,26.71,88,66,7.34,light snow
358,Sena Madureira,BR,2022-02-12 14:52:24,-9.0656,-68.6569,87.93,56,95,2.93,overcast clouds
359,Zyryanka,RU,2022-02-12 14:52:24,65.75,150.85,-33.43,97,11,7.09,few clouds
360,Tulsipur,NP,2022-02-12 14:52:24,28.131,82.2973,52.27,82,0,2.57,clear sky
361,Japura,ID,2022-02-12 14:52:25,-0.3167,102.35,74.84,90,37,1.88,scattered clouds
362,Falmouth,GB,2022-02-12 14:48:27,50.1544,-5.0711,49.1,93,75,17.27,light rain
363,Saint-Louis,SN,2022-02-12 14:52:25,16.3333,-15.0,89.13,5,45,21.56,scattered clouds
364,Ugoofaaru,MV,2022-02-12 14:52:25,5.6667,73.0,81.09,75,100,9.78,overcast clouds
365,Jacqueville,CI,2022-02-12 14:52:25,5.2052,-4.4146,85.91,72,66,10.0,broken clouds
366,Isla Vista,US,2022-02-12 14:52:26,34.4133,-119.861,69.85,32,5,6.02,clear sky
367,Tolosa,FR,2022-02-12 14:52:26,43.6043,1.4437,58.14,47,0,16.11,clear sky
368,Bundaberg,AU,2022-02-12 14:52:16,-24.85,152.35,71.89,84,100,8.05,overcast clouds
369,Christchurch,NZ,2022-02-12 14:53:26,-43.5333,172.6333,52.92,92,100,13.8,moderate rain
370,Port Lincoln,AU,2022-02-12 14:53:27,-34.7333,135.8667,68.38,68,100,8.61,overcast clouds
371,Kazlu Ruda,LT,2022-02-12 14:53:27,54.7667,23.5,35.58,65,45,14.18,scattered clouds
372,Bowen,AU,2022-02-12 14:53:27,-20.0167,148.2333,73.62,68,12,15.82,few clouds
373,Dire,ML,2022-02-12 14:53:27,12.2833,-10.9667,95.65,7,0,5.44,clear sky
374,Semiluki,RU,2022-02-12 14:53:28,51.6853,39.0279,32.45,80,75,8.95,broken clouds
375,Los Llanos De Aridane,ES,2022-02-12 14:53:28,28.6585,-17.9182,66.13,81,40,13.8,scattered clouds
376,Barcelona,ES,2022-02-12 14:53:28,41.3888,2.159,55.74,77,75,5.75,broken clouds
377,Nizwa,OM,2022-02-12 14:53:29,22.9333,57.5333,73.18,26,0,5.95,clear sky
378,Biak,ID,2022-02-12 14:53:29,-0.9131,122.8766,75.61,84,100,3.4,overcast clouds
379,Filotion,GR,2022-02-12 14:53:29,37.05,25.5,57.43,67,100,1.99,overcast clouds
380,Hermiston,US,2022-02-12 14:51:36,45.8404,-119.2895,36.1,93,0,4.61,clear sky
381,Hambantota,LK,2022-02-12 14:53:29,6.1241,81.1185,77.34,100,40,3.44,scattered clouds
382,Bakal,RU,2022-02-12 14:53:30,54.9417,58.8083,10.83,96,100,2.55,overcast clouds
383,Praia,CV,2022-02-12 14:53:30,14.9215,-23.5087,82.94,44,89,24.16,overcast clouds
384,Ancud,CL,2022-02-12 14:53:30,-41.8697,-73.8203,75.22,59,80,4.43,broken clouds
385,Richards Bay,ZA,2022-02-12 14:53:31,-28.783,32.0377,83.28,62,0,13.51,clear sky
386,Acarau,BR,2022-02-12 14:53:31,-2.8856,-40.12,82.96,69,93,11.88,overcast clouds
387,Den Helder,NL,2022-02-12 14:53:31,52.9599,4.7593,46.94,64,75,24.16,broken clouds
388,Barentin,FR,2022-02-12 14:53:31,49.5453,0.9552,51.08,45,82,11.54,broken clouds
389,Pemangkat,ID,2022-02-12 14:53:32,1.1667,108.9667,76.71,88,100,4.18,light rain
390,Nanakuli,US,2022-02-12 14:53:32,21.3906,-158.1547,73.35,88,0,4.61,clear sky
391,Grindavik,IS,2022-02-12 14:53:32,63.8424,-22.4338,26.55,74,0,11.5,clear sky
392,Petropavlovsk-Kamchatskiy,RU,2022-02-12 14:53:33,53.0452,158.6483,0.19,71,0,4.47,clear sky
393,Oktyabrskoye,RU,2022-02-12 14:53:33,43.0645,44.7417,41.14,65,10,6.71,clear sky
394,Temirtau,KZ,2022-02-12 14:53:33,50.0544,72.9483,16.05,92,100,20.15,light snow
395,Tokur,RU,2022-02-12 14:53:33,53.1333,132.9,-16.73,100,98,3.44,overcast clouds
396,Canutama,BR,2022-02-12 14:53:34,-6.5339,-64.3831,86.09,61,100,3.78,overcast clouds
397,Sistranda,NO,2022-02-12 14:53:34,63.7256,8.834,36.9,87,100,14.03,light rain
398,Maues,BR,2022-02-12 14:53:34,-3.3836,-57.7186,81.39,85,98,3.65,overcast clouds
399,Finnsnes,NO,2022-02-12 14:53:35,69.2296,17.9811,22.96,91,43,3.02,scattered clouds
400,Pangnirtung,CA,2022-02-12 14:53:35,66.1451,-65.7125,-0.36,99,100,4.79,light snow
401,Puerto Maldonado,PE,2022-02-12 14:53:35,-12.6,-69.1833,72.0,94,75,4.61,moderate rain
402,Alanganallur,IN,2022-02-12 14:53:35,10.0667,78.05,79.93,73,90,7.49,overcast clouds
403,Krasnogorskiy,RU,2022-02-12 14:53:36,54.6025,61.231,8.74,97,100,3.27,overcast clouds
404,Nyurba,RU,2022-02-12 14:53:36,63.2842,118.3319,-22.58,100,100,2.82,overcast clouds
405,Poum,NC,2022-02-12 14:53:36,-20.2333,164.0167,80.53,77,83,3.15,broken clouds
406,Turayf,SA,2022-02-12 14:53:37,31.6725,38.6637,57.45,44,0,4.61,clear sky
407,Westport,US,2022-02-12 14:53:37,41.1415,-73.3579,55.72,63,100,8.99,overcast clouds
408,Fairview,US,2022-02-12 14:53:37,40.8126,-73.999,55.47,50,94,14.0,overcast clouds
409,Maragogi,BR,2022-02-12 14:53:16,-9.0122,-35.2225,87.08,58,52,14.29,broken clouds
410,Paamiut,GL,2022-02-12 14:53:37,61.994,-49.6678,22.51,95,100,11.9,snow
411,Necochea,AR,2022-02-12 14:52:32,-38.5473,-58.7368,66.04,46,0,11.25,clear sky
412,Erzin,TR,2022-02-12 14:53:38,36.9559,36.2,64.92,68,0,0.13,clear sky
413,Ayagoz,KZ,2022-02-12 14:53:38,47.9714,80.4392,20.68,94,98,21.36,light snow
414,Ahipara,NZ,2022-02-12 14:53:38,-35.1667,173.1667,69.8,83,95,29.42,overcast clouds
415,Nazareno,MX,2022-02-12 14:53:39,25.3833,-103.4167,58.14,27,0,0.98,clear sky
416,Kutum,SD,2022-02-12 14:53:39,14.2,24.6667,79.66,7,48,9.44,scattered clouds
417,Ambilobe,MG,2022-02-12 14:54:39,-13.2,49.05,76.3,90,20,3.47,moderate rain
418,Bellevue,US,2022-02-12 14:54:40,47.6104,-122.2007,43.92,89,14,11.01,few clouds
419,Provideniya,RU,2022-02-12 14:54:40,64.3833,-173.3,-12.15,83,2,6.17,clear sky
420,San Patricio,US,2022-02-12 14:54:40,28.017,-97.5169,63.9,82,0,12.17,clear sky
421,Wembley,AU,2022-02-12 14:54:40,-31.9333,115.8,71.69,71,0,10.36,clear sky
422,Pak Phanang,TH,2022-02-12 14:54:41,8.3511,100.202,84.07,76,95,6.76,overcast clouds
423,Bergama,TR,2022-02-12 14:54:41,39.1207,27.1805,58.26,68,97,1.05,overcast clouds
424,Tarnogskiy Gorodok,RU,2022-02-12 14:54:41,60.4997,43.5761,21.6,92,100,8.25,overcast clouds
425,Rantepao,ID,2022-02-12 14:54:42,-2.9701,119.8978,68.0,98,100,2.28,heavy intensity rain
426,Gisborne,NZ,2022-02-12 14:54:42,-38.6533,178.0042,76.77,76,91,8.63,overcast clouds
427,Astoria,US,2022-02-12 14:54:42,46.1879,-123.8313,44.85,81,0,13.0,clear sky
428,Rehoboth,NA,2022-02-12 14:54:42,-23.3167,17.0833,80.92,42,86,7.96,overcast clouds
429,Hornbaek,DK,2022-02-12 14:54:43,56.0854,12.4505,40.08,74,100,5.99,overcast clouds
430,Canar,EC,2022-02-12 14:54:43,-2.55,-78.9333,53.64,81,94,0.34,light rain
431,San Cristobal,VE,2022-02-12 14:54:43,7.7669,-72.225,73.58,41,93,8.99,overcast clouds
432,Sibiti,CG,2022-02-12 14:54:44,-3.6819,13.3499,83.62,58,22,4.27,few clouds
433,Basco,PH,2022-02-12 14:54:44,20.4487,121.9702,77.14,73,100,17.81,overcast clouds
434,Kawalu,ID,2022-02-12 14:54:44,-7.3817,108.2082,73.11,95,100,2.66,moderate rain
435,Pozo Colorado,PY,2022-02-12 14:54:44,-23.4923,-58.7972,96.85,29,93,4.54,overcast clouds
436,San Ramon,US,2022-02-12 14:54:33,37.7799,-121.978,60.75,77,76,1.01,broken clouds
437,Puerto Rondon,CO,2022-02-12 14:54:45,6.2805,-71.1,88.56,40,98,11.65,overcast clouds
438,Pingdingshan,CN,2022-02-12 14:54:45,33.7385,113.3012,41.63,62,78,4.54,broken clouds
439,Natal,BR,2022-02-12 14:52:37,-5.795,-35.2094,86.22,74,75,12.66,broken clouds
440,Rodrigues Alves,BR,2022-02-12 14:54:45,-7.738,-72.6509,80.8,90,100,2.86,overcast clouds
441,Puerto Del Rosario,ES,2022-02-12 14:54:46,28.5004,-13.8627,69.55,64,20,12.66,few clouds
442,Padang,ID,2022-02-12 14:54:46,-0.9492,100.3543,78.64,81,99,4.14,overcast clouds
443,Wanaka,NZ,2022-02-12 14:50:08,-44.7,169.15,52.11,58,100,4.0,overcast clouds
444,Yumen,CN,2022-02-12 14:54:46,40.2833,97.2,26.31,41,100,11.36,overcast clouds
445,Aykhal,RU,2022-02-12 14:54:46,66.0,111.5,-4.59,100,86,4.85,overcast clouds
446,Neuquen,AR,2022-02-12 14:54:47,-38.9516,-68.0591,75.09,35,0,6.91,clear sky
447,Pavlohrad,UA,2022-02-12 14:54:47,48.5167,35.8667,34.75,88,100,17.13,overcast clouds
448,Rio Claro,BR,2022-02-12 14:54:22,-22.4114,-47.5614,78.8,68,45,3.6,scattered clouds
449,Oruro,BO,2022-02-12 14:54:47,-17.9833,-67.15,54.09,58,100,9.22,overcast clouds
450,Airai,TL,2022-02-12 14:54:48,-8.9266,125.4092,60.13,94,86,2.01,overcast clouds
451,Bambanglipuro,ID,2022-02-12 14:54:48,-7.95,110.2833,63.61,87,100,4.41,moderate rain
452,Chumikan,RU,2022-02-12 14:54:48,54.7183,135.315,7.38,95,100,2.35,overcast clouds
453,Samarai,PG,2022-02-12 14:54:49,-10.6167,150.6667,80.42,67,100,7.52,overcast clouds
454,Mitu,CO,2022-02-12 14:54:49,1.1983,-70.1733,79.27,89,100,1.92,overcast clouds
455,Semibratovo,RU,2022-02-12 14:54:49,57.3046,39.5369,26.46,88,78,13.04,broken clouds
456,Voh,NC,2022-02-12 14:54:49,-20.9667,164.7,76.84,91,99,1.88,overcast clouds
457,Fort-Shevchenko,KZ,2022-02-12 14:54:50,44.5086,50.263,41.68,86,16,9.01,few clouds
458,Lamar,US,2022-02-12 14:54:50,33.6668,-95.5836,38.86,52,100,16.11,overcast clouds
459,Gazanjyk,TM,2022-02-12 14:54:50,39.2446,55.5154,47.75,52,0,7.63,clear sky
460,Cockburn Town,TC,2022-02-12 14:53:19,21.4612,-71.1419,77.67,75,2,22.28,clear sky
461,Mogadishu,SO,2022-02-12 14:54:51,2.0371,45.3438,82.27,69,0,19.57,clear sky
462,Ixtapa,MX,2022-02-12 14:54:51,20.7,-105.2,72.54,44,2,3.29,clear sky
463,Pareora,NZ,2022-02-12 14:54:51,-44.4871,171.2132,51.19,97,100,17.13,light rain
464,Mao,ES,2022-02-12 14:51:46,39.8885,4.2658,59.56,51,0,9.22,clear sky
465,Oklahoma City,US,2022-02-12 14:55:49,35.4676,-97.5164,26.85,48,0,21.85,clear sky
466,Lubao,PH,2022-02-12 14:55:52,14.9167,120.55,81.14,77,93,4.9,overcast clouds
467,Oil City,US,2022-02-12 14:51:27,41.4339,-79.7064,35.29,83,100,10.36,overcast clouds
468,Yumbe,UG,2022-02-12 14:55:52,3.4651,31.2469,93.38,17,44,9.78,scattered clouds
469,Synya,RU,2022-02-12 14:55:52,65.3718,58.0387,8.22,92,100,9.4,overcast clouds
470,La Romana,DO,2022-02-12 14:55:53,18.4273,-68.9728,79.16,78,40,10.36,scattered clouds
471,Port Arthur,CN,2022-02-12 14:55:53,38.8,121.2667,30.42,55,100,16.82,overcast clouds
472,Juneau,US,2022-02-12 14:54:52,58.3019,-134.4197,38.84,98,100,8.01,snow
473,Tynda,RU,2022-02-12 14:55:53,55.1667,124.7167,-24.48,97,27,2.98,scattered clouds
474,Palmer,US,2022-02-12 14:55:54,42.1584,-72.3287,54.72,50,75,11.5,broken clouds
475,Buala,SB,2022-02-12 14:55:54,-8.145,159.5921,76.86,86,100,3.11,light rain
476,Khatanga,RU,2022-02-12 14:52:44,71.9667,102.5,-12.03,84,97,8.63,overcast clouds
477,Bereznik,RU,2022-02-12 14:55:54,62.8551,42.7072,20.1,95,99,6.29,overcast clouds
478,Ures,MX,2022-02-12 14:55:54,29.4333,-110.4,59.7,24,0,6.06,clear sky
479,Terlizzi,IT,2022-02-12 14:55:55,41.1311,16.5453,55.13,73,20,9.22,few clouds
480,Gustrow,DE,2022-02-12 14:55:55,53.7972,12.1734,43.0,60,75,10.36,broken clouds
481,Mehamn,NO,2022-02-12 14:55:55,71.0357,27.8492,26.47,71,99,15.57,light snow
482,Canyon,US,2022-02-12 14:52:02,34.9803,-101.9188,27.45,52,100,9.93,overcast clouds
483,Nioro,GM,2022-02-12 14:53:21,13.35,-15.75,94.57,6,34,14.07,scattered clouds
484,Beloha,MG,2022-02-12 14:55:56,-25.1667,45.05,78.76,73,0,18.59,clear sky
485,Nacimiento,CL,2022-02-12 14:55:56,-37.5,-72.6667,74.17,16,14,7.67,few clouds
486,Araouane,ML,2022-02-12 14:55:56,18.9048,-3.5265,78.64,9,2,13.15,clear sky
487,Hauge,NO,2022-02-12 14:55:57,58.3436,6.2812,42.58,96,100,20.74,light rain
488,Wad Madani,SD,2022-02-12 14:55:57,14.4012,33.5199,89.62,21,1,14.03,clear sky
489,Kulhudhuffushi,MV,2022-02-12 14:55:57,6.6221,73.07,81.93,72,100,9.66,overcast clouds
490,Luganville,VU,2022-02-12 14:55:57,-15.5333,167.1667,78.3,88,100,5.1,overcast clouds
491,Salalah,OM,2022-02-12 14:55:58,17.0151,54.0924,73.11,62,14,4.27,few clouds
492,Esil,KZ,2022-02-12 14:55:58,51.9556,66.4042,11.3,95,100,6.96,overcast clouds
493,Tayshet,RU,2022-02-12 14:55:58,55.9342,98.0044,-12.37,98,18,4.47,few clouds
494,High Prairie,CA,2022-02-12 14:55:17,55.4334,-116.4858,25.9,95,95,3.15,overcast clouds
495,Tekirdag,TR,2022-02-12 14:55:14,40.978,27.5085,51.15,75,90,13.11,overcast clouds
496,Skorping,DK,2022-02-12 14:55:59,56.8363,9.8926,40.48,78,100,21.3,overcast clouds
497,Saint Anthony,US,2022-02-12 14:55:59,45.0205,-93.218,-2.18,72,40,5.75,scattered clouds
498,Killybegs,IE,2022-02-12 14:55:59,54.6333,-8.45,49.71,80,20,23.58,few clouds
499,Teacapan,MX,2022-02-12 14:56:00,22.55,-105.75,64.85,50,0,3.96,clear sky
500,Changji,CN,2022-02-12 14:56:00,44.0167,87.3167,14.79,85,75,2.24,mist
501,Koutiala,ML,2022-02-12 14:56:00,12.3917,-5.4642,92.16,6,16,8.93,few clouds
502,Muisne,EC,2022-02-12 14:56:01,0.6,-80.0333,77.11,93,97,5.86,light rain
503,Kargasok,RU,2022-02-12 14:56:01,59.0556,80.8572,-5.37,99,56,9.19,broken clouds
504,Deputatskiy,RU,2022-02-12 14:56:01,69.3,139.9,-10.91,90,100,5.95,overcast clouds
505,Collie,AU,2022-02-12 14:56:01,-33.3667,116.15,56.98,65,0,9.75,clear sky
506,Kavaratti,IN,2022-02-12 14:56:02,10.5669,72.642,80.94,69,2,6.78,clear sky
507,Ballina,AU,2022-02-12 14:56:02,-28.8667,153.5667,69.76,81,75,16.11,broken clouds
508,Fillan,NO,2022-02-12 14:56:02,63.6064,8.9696,36.37,88,100,10.65,light snow
509,Beyneu,KZ,2022-02-12 14:57:03,45.3167,55.2,40.62,81,99,12.75,overcast clouds
510,Mama,RU,2022-02-12 14:57:03,58.3106,112.8986,-30.23,100,28,3.71,scattered clouds
511,Sao Filipe,CV,2022-02-12 14:57:03,14.8961,-24.4956,80.69,42,85,18.68,overcast clouds
512,Montague,US,2022-02-12 14:57:03,42.5356,-72.5351,55.06,64,99,8.01,overcast clouds
513,Inhambane,MZ,2022-02-12 14:56:36,-23.865,35.3833,85.98,66,40,6.91,scattered clouds
514,Nouadhibou,MR,2022-02-12 14:57:04,20.931,-17.0347,82.38,15,98,11.5,overcast clouds
515,Sierra Vista,US,2022-02-12 14:57:04,31.5545,-110.3037,50.61,35,0,1.99,clear sky
516,Biltine,TD,2022-02-12 14:57:04,14.5333,20.9167,90.54,7,21,5.73,few clouds
517,Saint George,US,2022-02-12 14:52:27,37.1041,-113.5841,49.35,32,0,14.0,clear sky
518,Namibe,AO,2022-02-12 14:57:05,-15.1961,12.1522,86.63,62,40,11.5,scattered clouds
519,Maceio,BR,2022-02-12 14:55:42,-9.6658,-35.7353,90.84,48,75,13.8,broken clouds
520,Vammala,FI,2022-02-12 14:57:05,61.3333,22.9,33.24,85,96,10.4,overcast clouds
521,San Jose,US,2022-02-12 14:53:28,37.3394,-121.895,62.2,56,0,0.0,clear sky
522,Camacha,PT,2022-02-12 14:57:05,33.0833,-16.3333,62.02,68,75,13.8,broken clouds
523,Parkersburg,US,2022-02-12 14:57:06,39.2667,-81.5615,39.06,71,68,3.0,broken clouds
524,Susanville,US,2022-02-12 14:57:06,40.4163,-120.653,28.24,86,0,3.44,clear sky
525,Lugovoy,KZ,2022-02-12 14:57:06,42.9472,72.7644,27.25,92,95,4.76,overcast clouds
526,Marzuq,YE,2022-02-12 14:57:07,14.4,46.4667,71.64,46,1,7.16,clear sky
527,Waingapu,ID,2022-02-12 14:57:07,-9.6567,120.2641,77.79,86,98,4.32,overcast clouds
528,Poyarkovo,RU,2022-02-12 14:57:07,49.6,128.6833,4.84,95,100,9.42,overcast clouds
529,Orsha,BY,2022-02-12 14:57:07,54.5153,30.4053,32.32,86,8,12.3,clear sky
530,Salym,RU,2022-02-12 14:57:08,60.0625,71.4789,2.05,93,17,8.28,few clouds
531,Hofn,IS,2022-02-12 14:54:09,64.2539,-15.2082,27.7,68,95,19.86,overcast clouds
532,Tambun,ID,2022-02-12 14:57:08,-6.2641,107.0712,80.49,72,100,3.36,overcast clouds
533,Friedeburg,DE,2022-02-12 14:57:08,53.45,7.8333,42.93,56,100,14.79,overcast clouds
534,Oda,JP,2022-02-12 14:57:09,35.1833,132.5,41.77,72,12,8.14,few clouds
535,Coahuayana,MX,2022-02-12 14:57:09,18.7333,-103.6833,76.08,40,69,5.14,broken clouds
536,Lavrentiya,RU,2022-02-12 14:57:09,65.5833,-171.0,-19.93,92,15,7.2,few clouds
537,Dauphin,CA,2022-02-12 14:57:09,51.1494,-100.0502,-3.86,71,20,14.97,few clouds
538,Lorengau,PG,2022-02-12 14:57:10,-2.0226,147.2712,80.8,75,92,3.33,overcast clouds
539,Bargur,IN,2022-02-12 14:57:10,12.5424,78.3539,75.81,56,81,8.48,broken clouds
540,Pasni,PK,2022-02-12 14:57:10,25.2631,63.471,71.51,58,0,13.42,clear sky
541,Camopi,GF,2022-02-12 14:57:11,3.1655,-52.3158,79.18,87,85,4.27,overcast clouds
542,Acapulco,MX,2022-02-12 14:57:11,16.8634,-99.8901,78.98,53,100,0.31,overcast clouds
543,Malinovoye Ozero,RU,2022-02-12 14:57:11,51.6753,79.7825,14.86,90,100,11.32,overcast clouds
544,Ca Mau,VN,2022-02-12 14:57:11,9.1769,105.15,78.17,81,100,7.74,overcast clouds
545,Coruripe,BR,2022-02-12 14:57:12,-10.1256,-36.1756,88.0,56,27,15.59,scattered clouds
546,Pangkalanbuun,ID,2022-02-12 14:57:12,-2.6833,111.6167,74.19,89,100,0.87,light rain
547,Saint-Augustin,CA,2022-02-12 14:57:12,51.226,-58.6502,28.36,95,100,17.09,light snow
548,Xinzhou,CN,2022-02-12 14:57:13,38.4092,112.7333,31.35,61,72,3.15,broken clouds
549,Atikokan,CA,2022-02-12 14:57:13,48.7555,-91.6216,-19.44,96,100,2.55,overcast clouds
550,Puerto Plata,DO,2022-02-12 14:57:13,19.7934,-70.6884,84.11,83,20,6.91,few clouds
551,Kaeo,NZ,2022-02-12 14:57:13,-35.1,173.7833,71.33,84,99,27.56,overcast clouds
552,Kukushtan,RU,2022-02-12 14:57:14,57.6464,56.4952,24.42,96,98,4.41,overcast clouds
553,Antofagasta,CL,2022-02-12 14:57:14,-23.65,-70.4,75.22,53,11,7.78,few clouds
554,Dzaoudzi,YT,2022-02-12 14:57:14,-12.7887,45.2699,84.09,74,0,8.05,clear sky
555,Makasar,ID,2022-02-12 14:58:15,-5.14,119.4221,75.25,100,40,2.3,scattered clouds
556,Juegang,CN,2022-02-12 14:58:15,32.3174,121.1855,45.91,83,100,5.99,overcast clouds
557,Laguna,US,2022-02-12 14:54:17,38.421,-121.4238,64.9,94,0,0.0,clear sky
558,Tecuala,MX,2022-02-12 14:58:15,22.3986,-105.4569,65.79,44,0,3.38,clear sky
559,Caruray,PH,2022-02-12 14:58:16,10.3094,119.0128,77.86,88,100,9.42,overcast clouds
560,Itupiranga,BR,2022-02-12 14:58:16,-5.1347,-49.3267,84.52,97,100,2.71,overcast clouds
561,Kirakira,SB,2022-02-12 14:58:09,-10.4544,161.9205,77.74,88,100,4.74,overcast clouds
562,Dabakala,CI,2022-02-12 14:58:16,8.3667,-4.4333,98.78,13,49,3.36,scattered clouds
563,Koungou,YT,2022-02-12 14:58:17,-12.7336,45.2042,83.91,74,0,8.05,clear sky
564,Tual,ID,2022-02-12 14:58:17,-5.6667,132.75,82.98,70,11,3.49,few clouds
565,Port Keats,AU,2022-02-12 14:58:17,-14.25,129.55,81.01,79,24,2.44,few clouds
566,Trincomalee,LK,2022-02-12 14:58:18,8.5711,81.2335,79.36,85,100,15.84,overcast clouds
567,Ozernovskiy,RU,2022-02-12 14:58:18,51.5,156.5167,20.14,80,30,3.11,scattered clouds
568,Muravlenko,RU,2022-02-12 14:58:18,63.7898,74.523,-9.06,98,6,12.26,clear sky
569,San Luis,AR,2022-02-12 14:58:18,-33.295,-66.3356,68.85,27,18,11.3,few clouds
570,Tsiroanomandidy,MG,2022-02-12 14:58:19,-18.7667,46.0333,76.6,77,89,3.31,overcast clouds
571,Zhanaozen,KZ,2022-02-12 14:58:19,43.3,52.8,40.5,77,88,9.48,overcast clouds
572,Sambava,MG,2022-02-12 14:58:19,-14.2667,50.1667,78.37,83,24,8.66,light rain
573,Yamnytsya,UA,2022-02-12 14:58:20,48.9897,24.7075,36.1,55,75,6.71,broken clouds
574,Ciro Marina,IT,2022-02-12 14:58:20,39.3732,17.126,51.85,76,100,10.51,overcast clouds
575,Chadiza,ZM,2022-02-12 14:58:20,-14.0678,32.4392,69.1,93,97,5.84,light rain
576,Green Valley,US,2022-02-12 14:58:20,31.8543,-110.9937,56.84,34,0,4.76,clear sky
577,Yulara,AU,2022-02-12 14:58:21,-25.2406,130.9889,75.04,33,2,5.75,clear sky
578,Katangli,RU,2022-02-12 14:58:21,51.7102,143.2326,15.33,93,100,5.3,overcast clouds
579,Sola,VU,2022-02-12 14:58:21,-13.8833,167.55,77.7,85,100,11.54,overcast clouds
580,Launceston,AU,2022-02-12 14:58:22,-41.45,147.1667,55.04,71,80,3.44,broken clouds
581,Oranjemund,NA,2022-02-12 14:58:22,-28.55,16.4333,76.91,57,36,19.91,scattered clouds
582,Mareeba,AU,2022-02-12 14:58:22,-17.0,145.4333,74.12,93,30,1.54,scattered clouds
583,Hamilton,US,2022-02-12 14:55:38,39.1834,-84.5333,32.74,80,96,3.0,overcast clouds
584,Sawtell,AU,2022-02-12 14:58:22,-30.3833,153.1,66.22,77,75,10.36,broken clouds
585,Severnyy,RU,2022-02-12 14:58:23,50.677,36.5532,32.04,86,75,11.18,broken clouds
586,Sakakah,SA,2022-02-12 14:58:23,29.9697,40.2064,63.97,28,0,7.2,clear sky
587,Ahuimanu,US,2022-02-12 14:58:23,21.4447,-157.8378,71.85,87,19,7.9,few clouds
588,Popondetta,PG,2022-02-12 14:56:58,-8.7537,148.2534,74.28,91,99,1.95,overcast clouds
589,Broken Hill,AU,2022-02-12 14:58:24,-31.95,141.4333,74.91,23,0,4.61,clear sky
590,Fethiye,TR,2022-02-12 14:58:24,36.6217,29.1164,60.67,66,99,3.56,overcast clouds
591,Carthage,TN,2022-02-12 14:58:24,36.8611,10.3316,60.35,63,40,11.5,scattered clouds
592,Pyapon,MM,2022-02-12 14:58:24,16.2833,95.6833,71.33,53,30,10.09,scattered clouds
593,Yuci,CN,2022-02-12 14:58:25,37.6803,112.7319,35.35,55,99,13.42,haze
594,Madera,US,2022-02-12 14:54:46,37.1666,-119.8343,61.23,44,8,5.57,clear sky
595,Sharjah,AE,2022-02-12 14:57:16,25.3573,55.4033,77.34,42,0,14.97,clear sky
596,West Bay,KY,2022-02-12 14:58:25,19.3667,-81.4167,83.05,81,75,6.91,broken clouds
597,Campos Do Jordao,BR,2022-02-12 14:58:25,-22.7394,-45.5914,68.14,77,89,2.21,overcast clouds
598,Malartic,CA,2022-02-12 14:58:26,48.1335,-78.1328,-12.89,76,100,11.54,overcast clouds
599,Innisfail,AU,2022-02-12 14:58:26,-17.5333,146.0333,73.69,82,34,3.38,scattered clouds
600,Ravenna,IT,2022-02-12 14:58:51,44.4167,11.9833,52.99,54,5,9.66,clear sky
601,Harper,LR,2022-02-12 14:59:26,4.375,-7.7169,83.79,68,81,7.02,light rain
602,Prince Rupert,CA,2022-02-12 14:55:08,54.3161,-130.3201,38.89,93,75,2.3,broken clouds
603,Paratinga,BR,2022-02-12 14:59:27,-12.6906,-43.1842,89.42,44,40,3.0,scattered clouds
604,Ewa Beach,US,2022-02-12 14:59:27,21.3156,-158.0072,72.09,85,31,3.0,scattered clouds
605,Nehe,CN,2022-02-12 14:59:27,48.4833,124.8333,-8.93,100,96,1.97,overcast clouds
606,Sabang,ID,2022-02-12 14:59:27,5.8933,95.3214,82.69,76,70,19.08,broken clouds
607,Hami,CN,2022-02-12 14:59:28,42.8,93.45,28.96,56,83,1.45,broken clouds
608,Sanandaj,IR,2022-02-12 14:59:28,35.3144,46.9923,42.82,57,75,4.61,broken clouds
609,Tilichiki,RU,2022-02-12 14:59:28,60.4667,166.1,-21.3,92,11,8.93,few clouds
610,Riyadh,SA,2022-02-12 14:56:21,24.6877,46.7219,66.34,29,4,15.37,clear sky
611,Luba,GQ,2022-02-12 14:59:29,3.4568,8.5547,81.9,74,84,4.92,broken clouds
612,Sorland,NO,2022-02-12 14:59:29,67.667,12.6934,28.47,62,48,10.16,scattered clouds
613,Sobolevo,RU,2022-02-12 14:59:29,54.4299,31.8996,22.73,90,7,10.04,clear sky
614,Addis Abeba,ET,2022-02-12 14:54:34,9.025,38.7469,66.58,39,86,12.77,overcast clouds
615,Sur,OM,2022-02-12 14:59:30,22.5667,59.5289,71.98,58,1,7.52,clear sky
616,Nicoya,CR,2022-02-12 14:59:30,10.1483,-85.452,80.15,49,10,9.37,clear sky
617,Ust-Kulom,RU,2022-02-12 14:59:30,61.6864,53.6902,17.1,96,99,5.55,light snow
618,Ishim,RU,2022-02-12 14:59:30,56.1128,69.4902,3.34,96,100,9.24,light snow
619,Gerardmer,FR,2022-02-12 14:59:31,48.0735,6.8779,42.48,46,100,2.35,overcast clouds
620,Phalaborwa,ZA,2022-02-12 14:59:31,-23.943,31.1411,90.68,22,0,13.29,clear sky
621,Porto Santo,PT,2022-02-12 14:59:31,33.072,-16.3415,64.78,68,75,13.8,broken clouds
622,Abong Mbang,CM,2022-02-12 14:59:32,3.9833,13.1833,97.81,11,8,3.51,clear sky
623,Botelhos,BR,2022-02-12 14:59:32,-21.6333,-46.395,73.87,77,52,4.32,broken clouds
624,Camacupa,AO,2022-02-12 14:59:32,-12.0167,17.4833,76.53,57,91,5.57,overcast clouds
625,Rocky Mountain House,CA,2022-02-12 14:59:32,52.3668,-114.9188,28.83,80,98,2.3,overcast clouds
626,Kirensk,RU,2022-02-12 14:59:33,57.7853,108.1119,-23.8,100,48,1.05,scattered clouds
627,Karratha,AU,2022-02-12 14:59:33,-20.7377,116.8463,87.22,65,19,7.81,few clouds
628,Lianyuan,CN,2022-02-12 14:59:33,27.6883,111.6642,40.26,94,95,1.79,moderate rain
629,Ketchikan,US,2022-02-12 14:59:34,55.3422,-131.6461,39.67,87,100,5.75,overcast clouds
630,Canico,PT,2022-02-12 14:59:34,32.6333,-16.85,70.72,73,20,10.36,few clouds
631,Mildura,AU,2022-02-12 14:59:34,-34.2,142.15,69.76,56,0,1.14,clear sky
632,Ordzhonikidze,KZ,2022-02-12 14:59:34,52.4411,61.7408,23.18,97,100,7.31,light snow
633,Stonewall,CA,2022-02-12 14:59:35,50.1344,-97.3268,-13.32,95,92,5.64,overcast clouds
634,Linhares,BR,2022-02-12 14:59:35,-19.3911,-40.0722,82.6,65,98,4.18,overcast clouds
635,Sosnovo-Ozerskoye,RU,2022-02-12 14:59:35,52.5249,111.5418,-28.12,100,43,1.41,scattered clouds
636,Bilecik,TR,2022-02-12 14:59:36,40.0,30.1667,49.62,57,80,3.62,broken clouds
637,Dalvik,IS,2022-02-12 14:57:15,65.9702,-18.5286,21.13,86,91,4.9,overcast clouds
638,Veraval,IN,2022-02-12 14:59:36,20.9,70.3667,71.92,56,2,9.84,clear sky
639,Muyezerskiy,RU,2022-02-12 14:59:36,63.9333,31.65,17.37,97,98,4.03,overcast clouds
640,Asau,RO,2022-02-12 14:59:36,46.4333,26.4,37.96,64,100,4.38,overcast clouds
641,Bonavista,CA,2022-02-12 14:58:59,48.6499,-53.1147,35.11,76,92,14.74,overcast clouds
642,Port-Gentil,GA,2022-02-12 14:59:37,-0.7193,8.7815,85.96,74,20,13.8,few clouds
643,Zhangye,CN,2022-02-12 14:59:37,38.9342,100.4517,28.31,52,100,7.11,overcast clouds
644,Kabompo,ZM,2022-02-12 14:59:37,-13.5927,24.2008,73.8,85,100,4.43,light rain
645,Sulangan,PH,2022-02-12 14:59:38,11.1373,123.7228,79.99,82,100,12.46,overcast clouds
646,Srednekolymsk,RU,2022-02-12 15:00:38,67.45,153.6833,-33.2,98,58,7.16,broken clouds
647,Ust-Kuyga,RU,2022-02-12 15:00:39,70.0167,135.6,-17.03,98,100,8.79,overcast clouds
648,Behbahan,IR,2022-02-12 15:00:39,30.5959,50.2417,54.72,78,100,2.1,overcast clouds
649,Bandarbeyla,SO,2022-02-12 15:00:40,9.4942,50.8122,77.41,57,30,13.15,scattered clouds
650,Filadelfia,US,2022-02-12 14:56:18,39.9523,-75.1638,57.27,48,93,7.0,overcast clouds
651,Jalu,LY,2022-02-12 15:00:40,29.0331,21.5482,63.73,29,0,1.86,clear sky
652,Strezhevoy,RU,2022-02-12 15:00:41,60.7333,77.5889,-4.02,93,15,11.16,few clouds
653,Uberaba,BR,2022-02-12 15:00:41,-19.7483,-47.9319,74.91,82,75,6.96,broken clouds
654,Sinnamary,GF,2022-02-12 15:00:42,5.3833,-52.95,79.84,83,87,12.3,overcast clouds
655,Labuan,MY,2022-02-12 15:00:42,5.2767,115.2417,75.36,77,100,1.19,moderate rain
656,Korla,CN,2022-02-12 15:00:42,41.7597,86.1469,30.13,42,70,3.31,broken clouds
657,Mosna,RO,2022-02-12 15:00:43,46.0833,24.4,41.29,61,23,7.78,few clouds
658,Sines,PT,2022-02-12 15:00:43,37.9562,-8.8698,61.29,80,86,4.0,overcast clouds
659,Eureka,US,2022-02-12 15:00:44,40.8021,-124.1637,47.59,56,0,3.71,clear sky
660,Santa Cruz,BO,2022-02-12 15:00:09,-17.8,-63.1667,72.86,94,100,11.5,overcast clouds
661,Katima Mulilo,NA,2022-02-12 15:00:44,-17.5,24.2667,80.04,61,99,3.0,overcast clouds
662,Taraz,KZ,2022-02-12 15:00:45,42.9,71.3667,30.61,86,100,6.71,overcast clouds
663,Nambucca Heads,AU,2022-02-12 15:00:47,-30.65,153.0,66.2,73,86,10.09,overcast clouds
664,Baghdad,IQ,2022-02-12 15:00:04,33.3406,44.4009,64.29,25,0,14.92,clear sky
665,Kayerkan,RU,2022-02-12 15:00:47,69.3497,87.7602,-14.12,81,34,7.07,scattered clouds
666,Chacabuco,AR,2022-02-12 14:57:42,-34.6417,-60.4739,66.79,34,3,12.95,clear sky
667,Meulaboh,ID,2022-02-12 15:00:48,4.1363,96.1285,79.21,82,71,2.15,broken clouds
668,Gumdag,TM,2022-02-12 15:00:48,39.2061,54.5906,48.27,45,0,6.82,clear sky
669,Point Fortin,TT,2022-02-12 15:00:48,10.1833,-61.6833,86.9,58,24,11.7,few clouds
670,Rock Sound,BS,2022-02-12 15:00:49,24.9,-76.2,77.09,80,5,13.51,clear sky
671,Kutahya,TR,2022-02-12 15:00:49,39.4242,29.9833,42.62,68,80,4.09,broken clouds
672,Omaruru,NA,2022-02-12 15:00:49,-21.4333,15.9333,74.75,64,94,7.02,light rain
673,Whyalla,AU,2022-02-12 15:00:50,-33.0333,137.5833,74.05,56,73,4.16,broken clouds
674,Akdepe,TM,2022-02-12 15:00:50,42.0551,59.3788,39.2,62,78,6.11,broken clouds
675,Yuxia,CN,2022-02-12 15:00:50,34.0615,108.6291,41.54,67,78,4.76,broken clouds
676,Hualmay,PE,2022-02-12 15:00:51,-11.0964,-77.6139,73.94,73,70,7.09,broken clouds
677,Pavullo Nel Frignano,IT,2022-02-12 15:00:51,44.3315,10.835,49.05,55,59,7.85,broken clouds
678,Banikoara,BJ,2022-02-12 15:00:52,11.2985,2.4386,96.91,6,37,4.0,scattered clouds
679,Presidencia Roque Saenz Pena,AR,2022-02-12 15:00:52,-26.7852,-60.4388,70.93,82,100,9.84,light rain
